Product_ID,Sale_Date,Sales_Rep,Region,Sales_Amount,Quantity_Sold,Product_Category,Unit_Cost,Unit_Price,Customer_Type,Discount,Payment_Method,Sales_Channel,Region_and_Sales_Rep
1015,2023-09-21,David,South,4631.23,30,Food,261.56,371.4,Returning,0.2,Bank Transfer,Retail,South-David
1072,2023-08-24,Bob,South,2167.94,39,Clothing,4330.03,4467.75,New,0.02,Credit Card,Retail,South-Bob
1021,2023-02-11,Charlie,West,3761.15,32,Food,900.79,1106.51,New,0.21,Cash,Online,West-Charlie
1083,2023-04-11,Bob,West,618.31,29,Furniture,2408.81,2624.09,Returning,0.14,Cash,Online,West-Bob
1087,2023-01-06,Eve,South,7698.92,46,Furniture,3702.51,3964.65,New,0.12,Bank Transfer,Online,South-Eve
1075,2023-06-29,David,South,4223.39,30,Furniture,738.06,1095.4499999999998,New,0.05,Bank Transfer,Online,South-David
1100,2023-08-14,Bob,West,2198.74,43,Food,1100.81,1137.44,Returning,0.08,Bank Transfer,Online,West-Bob
1024,2023-11-11,Eve,West,6607.8,21,Food,622.01,641.09,Returning,0.0,Bank Transfer,Retail,West-Eve
1003,2023-12-31,Alice,South,4775.59,30,Furniture,4190.28,4270.65,New,0.2,Cash,Online,South-Alice
1022,2023-08-17,Charlie,South,8813.55,21,Food,2537.2,2869.6,New,0.29,Bank Transfer,Retail,South-Charlie
1053,2023-10-16,Bob,North,2235.83,48,Furniture,121.19,487.65,New,0.18,Cash,Retail,North-Bob
1088,2023-10-04,Bob,East,6116.75,40,Electronics,4904.93,5034.35,New,0.1,Credit Card,Retail,East-Bob
1060,2023-12-16,Eve,East,3224.71,44,Clothing,3784.96,4276.99,New,0.06,Bank Transfer,Retail,East-Eve
1021,2023-11-27,Alice,South,6483.84,31,Furniture,2254.99,2441.79,Returning,0.24,Bank Transfer,Online,South-Alice
1033,2023-11-14,David,South,4011.8,23,Furniture,2981.5,3360.4,Returning,0.22,Bank Transfer,Retail,South-David
1076,2023-12-16,Eve,East,7160.75,30,Clothing,3519.63,3774.65,New,0.2,Credit Card,Retail,East-Eve
1058,2023-04-05,Alice,North,2072.23,33,Furniture,1011.65,1084.28,Returning,0.07,Bank Transfer,Retail,North-Alice
1089,2023-11-07,Bob,West,2945.36,47,Furniture,4157.62,4314.56,New,0.17,Bank Transfer,Retail,West-Bob
1091,2023-09-04,Charlie,South,675.11,44,Food,2085.46,2406.58,Returning,0.06,Bank Transfer,Retail,South-Charlie
1059,2023-08-31,Alice,North,1203.97,35,Food,3333.64,3764.52,Returning,0.02,Credit Card,Online,North-Alice
1092,2023-02-09,David,West,2749.17,34,Furniture,2037.41,2238.65,New,0.3,Credit Card,Online,West-David
1015,2023-08-11,Eve,East,3853.03,32,Furniture,970.51,1330.84,Returning,0.06,Cash,Retail,East-Eve
1047,2023-08-08,David,North,1331.25,33,Electronics,1341.55,1427.21,Returning,0.15,Credit Card,Online,North-David
1062,2023-03-16,David,West,4195.06,45,Furniture,4849.6,5166.72,Returning,0.25,Credit Card,Online,West-David
1003,2023-04-28,Charlie,South,5991.8,27,Furniture,623.32,853.6600000000001,Returning,0.04,Cash,Online,South-Charlie
1021,2023-07-13,Bob,West,9638.64,43,Furniture,4154.3,4469.07,Returning,0.23,Cash,Retail,West-Bob
1073,2023-12-01,David,West,5238.42,40,Furniture,2565.3,3007.4700000000003,Returning,0.17,Credit Card,Retail,West-David
1039,2023-07-22,Alice,East,6807.67,42,Clothing,3120.19,3600.14,Returning,0.19,Credit Card,Retail,East-Alice
1004,2023-06-22,Eve,South,7762.51,39,Electronics,2416.89,2778.4,Returning,0.05,Cash,Online,South-Eve
1089,2023-10-27,David,North,7751.92,43,Furniture,3851.45,4186.98,Returning,0.3,Credit Card,Online,North-David
1060,2023-05-13,Charlie,West,5260.83,31,Electronics,3161.4,3339.66,Returning,0.02,Bank Transfer,Online,West-Charlie
1009,2023-04-28,Alice,North,1342.95,33,Clothing,2278.9,2626.9,New,0.05,Credit Card,Online,North-Alice
1090,2023-11-20,Alice,West,267.78,32,Electronics,2678.99,3152.28,Returning,0.22,Cash,Retail,West-Alice
1053,2023-10-02,David,East,7724.57,29,Electronics,3741.3,4061.04,Returning,0.21,Credit Card,Online,East-David
1002,2023-07-31,David,East,8090.84,21,Clothing,4138.41,4361.7,Returning,0.07,Credit Card,Retail,East-David
1084,2023-08-13,Alice,West,1290.05,21,Furniture,3497.98,3765.31,New,0.08,Cash,Online,West-Alice
1092,2023-01-20,Charlie,East,2729.27,40,Electronics,4624.16,4731.98,New,0.2,Bank Transfer,Retail,East-Charlie
1060,2023-04-23,Eve,East,273.77,23,Clothing,4110.6,4488.370000000001,New,0.12,Credit Card,Online,East-Eve
1044,2023-02-16,David,South,7754.1,22,Food,3373.46,3454.76,Returning,0.22,Bank Transfer,Retail,South-David
1008,2023-01-01,Eve,North,5227.81,38,Clothing,4635.23,5075.44,Returning,0.05,Cash,Online,North-Eve
1047,2023-03-31,Alice,East,3546.15,37,Electronics,3114.88,3256.78,Returning,0.26,Credit Card,Online,East-Alice
1035,2023-05-22,Alice,South,3780.22,45,Food,4132.79,4624.1,New,0.15,Credit Card,Retail,South-Alice
1081,2023-02-07,David,East,3068.03,41,Furniture,2782.08,2879.24,New,0.21,Bank Transfer,Online,East-David
1036,2023-10-20,David,North,6499.94,49,Clothing,1247.1,1429.4399999999998,New,0.16,Cash,Online,North-David
1050,2023-05-19,Charlie,East,9744.52,35,Clothing,2158.69,2384.38,Returning,0.09,Bank Transfer,Retail,East-Charlie
1002,2023-11-29,David,North,333.59,24,Furniture,3305.94,3599.27,New,0.09,Credit Card,Retail,North-David
1006,2023-09-16,Bob,North,8995.75,49,Food,2843.76,3146.6000000000004,New,0.08,Cash,Retail,North-Bob
1054,2023-06-10,Bob,South,7853.66,21,Furniture,4668.14,5040.22,New,0.05,Bank Transfer,Online,South-Bob
1054,2023-01-10,Eve,South,4634.16,40,Furniture,2654.11,2929.32,Returning,0.08,Cash,Online,South-Eve
1063,2023-05-18,Bob,West,3098.87,39,Food,3577.69,3931.25,Returning,0.21,Cash,Retail,West-Bob
1018,2023-06-21,Eve,North,750.38,28,Clothing,1006.14,1043.45,New,0.15,Bank Transfer,Retail,North-Eve
1074,2023-03-25,Eve,West,7499.7,38,Food,2610.6,2836.94,Returning,0.19,Credit Card,Online,West-Eve
1062,2023-11-17,Charlie,North,4790.72,28,Clothing,2094.88,2168.9100000000003,Returning,0.08,Cash,Retail,North-Charlie
1014,2023-04-11,Alice,South,9582.12,38,Food,2091.21,2527.0,Returning,0.01,Credit Card,Online,South-Alice
1095,2023-11-25,Alice,East,9432.97,37,Electronics,407.77,860.95,New,0.1,Credit Card,Retail,East-Alice
1015,2023-09-22,David,South,9914.15,22,Electronics,4275.59,4576.72,Returning,0.02,Cash,Retail,South-David
1072,2023-02-07,Bob,East,5490.38,26,Food,3640.17,4002.63,New,0.05,Credit Card,Retail,East-Bob
1078,2023-04-04,David,East,9631.41,49,Furniture,1833.95,2147.14,Returning,0.18,Credit Card,Retail,East-David
1087,2023-04-05,Eve,East,848.49,43,Furniture,481.0,531.02,New,0.17,Cash,Online,East-Eve
1062,2023-11-01,Bob,East,3720.24,36,Food,1050.64,1167.3300000000002,New,0.22,Cash,Online,East-Bob
1085,2023-11-14,Charlie,South,2038.75,32,Furniture,1074.93,1492.48,Returning,0.04,Credit Card,Retail,South-Charlie
1082,2023-11-30,Alice,South,6261.9,41,Electronics,1196.42,1444.97,Returning,0.21,Bank Transfer,Online,South-Alice
1053,2023-05-17,Bob,South,7835.09,36,Clothing,4252.17,4720.27,New,0.09,Cash,Retail,South-Bob
1024,2023-03-17,Eve,South,5825.15,46,Electronics,2016.49,2338.66,Returning,0.19,Bank Transfer,Retail,South-Eve
1089,2023-01-01,Charlie,North,8130.13,35,Clothing,4071.01,4304.7,New,0.14,Credit Card,Online,North-Charlie
1060,2023-10-23,Bob,West,6395.95,46,Clothing,1747.05,1830.27,New,0.15,Bank Transfer,Retail,West-Bob
1041,2023-11-16,David,South,3942.84,40,Food,601.86,1067.53,New,0.18,Cash,Online,South-David
1029,2023-03-01,David,East,6773.89,28,Clothing,2873.53,3108.3,New,0.15,Credit Card,Retail,East-David
1045,2023-12-15,David,South,3517.4,42,Clothing,3587.74,3745.91,Returning,0.1,Cash,Online,South-David
1089,2023-09-24,Bob,South,2975.99,48,Food,2246.67,2486.14,New,0.03,Cash,Retail,South-Bob
1071,2023-12-27,David,East,4752.88,40,Food,1447.72,1875.75,New,0.13,Cash,Retail,East-David
1009,2023-08-17,Bob,West,8912.4,33,Clothing,450.72,918.17,Returning,0.11,Cash,Online,West-Bob
1008,2023-10-13,Eve,West,1558.3,24,Electronics,1542.24,1739.45,Returning,0.21,Bank Transfer,Retail,West-Eve
1011,2023-06-14,Alice,South,4531.97,38,Furniture,4456.67,4642.46,New,0.06,Bank Transfer,Online,South-Alice
1081,2023-01-05,Bob,South,1429.32,44,Food,618.79,938.04,Returning,0.03,Cash,Online,South-Bob
1008,2023-12-05,Charlie,East,9583.55,27,Electronics,68.99,429.29,Returning,0.18,Credit Card,Retail,East-Charlie
1035,2023-03-03,Bob,West,2494.74,47,Electronics,2936.48,3096.64,New,0.06,Bank Transfer,Online,West-Bob
1041,2023-08-25,Bob,South,854.77,31,Food,1604.52,1756.34,Returning,0.17,Cash,Retail,South-Bob
1028,2023-02-11,Alice,East,2819.57,24,Clothing,2521.03,2766.05,Returning,0.16,Bank Transfer,Retail,East-Alice
1073,2023-10-23,Charlie,South,4650.68,45,Clothing,4369.5,4381.89,Returning,0.02,Credit Card,Retail,South-Charlie
1072,2023-11-24,Alice,East,5511.11,25,Clothing,481.19,693.4,New,0.27,Credit Card,Retail,East-Alice
1012,2023-10-22,David,North,4384.88,34,Furniture,2462.55,2521.77,New,0.21,Bank Transfer,Retail,North-David
1033,2023-01-14,Alice,West,1740.92,24,Clothing,1345.67,1367.76,New,0.06,Bank Transfer,Online,West-Alice
1048,2023-10-15,Charlie,North,4510.86,42,Electronics,3139.99,3349.37,Returning,0.13,Credit Card,Retail,North-Charlie
1062,2023-05-05,Eve,South,594.79,26,Clothing,992.17,1263.49,Returning,0.25,Bank Transfer,Retail,South-Eve
1037,2023-01-23,Bob,North,9813.81,40,Clothing,2790.11,3192.37,Returning,0.26,Bank Transfer,Online,North-Bob
1091,2023-05-25,Alice,North,9610.21,24,Clothing,3639.3,3750.63,New,0.23,Bank Transfer,Retail,North-Alice
1099,2023-04-14,Alice,East,9948.71,27,Food,4929.55,4990.33,Returning,0.29,Credit Card,Online,East-Alice
1078,2023-02-08,Alice,South,9813.32,49,Furniture,3026.85,3183.58,Returning,0.25,Cash,Retail,South-Alice
1001,2023-05-14,Eve,South,2669.46,35,Electronics,2745.75,3244.76,New,0.05,Bank Transfer,Online,South-Eve
1090,2023-06-28,Charlie,North,5976.25,41,Clothing,3736.88,3946.77,Returning,0.06,Credit Card,Online,North-Charlie
1014,2023-02-11,David,West,823.51,44,Food,2257.48,2747.81,Returning,0.27,Cash,Online,West-David
1027,2023-01-15,Bob,West,6261.2,26,Food,149.11,477.67,Returning,0.14,Cash,Retail,West-Bob
1009,2023-04-21,Eve,North,9813.66,47,Clothing,359.41,733.0,Returning,0.2,Bank Transfer,Retail,North-Eve
1079,2023-06-06,David,South,1982.07,34,Furniture,1967.96,1993.4,Returning,0.15,Credit Card,Online,South-David
1015,2023-10-16,Charlie,North,7946.69,23,Food,2937.94,3007.53,Returning,0.03,Cash,Retail,North-Charlie
1090,2023-08-19,Bob,West,9088.2,31,Clothing,2347.81,2668.02,Returning,0.09,Bank Transfer,Retail,West-Bob
1051,2023-04-07,Alice,West,5262.45,23,Electronics,3325.43,3401.1,New,0.1,Cash,Online,West-Alice
1096,2023-09-11,Eve,South,7597.37,23,Electronics,608.57,1032.22,New,0.25,Cash,Retail,South-Eve
1052,2023-07-15,Charlie,East,1700.55,48,Food,3002.35,3080.61,Returning,0.18,Bank Transfer,Retail,East-Charlie
1096,2023-03-27,Alice,North,4821.31,48,Clothing,2449.21,2714.12,New,0.01,Credit Card,Online,North-Alice
1094,2023-01-10,Eve,North,2548.67,25,Electronics,1933.39,1982.92,New,0.17,Bank Transfer,Online,North-Eve
1015,2023-05-03,David,South,6699.34,30,Food,2680.22,3027.92,Returning,0.25,Bank Transfer,Online,South-David
1029,2023-12-19,Eve,North,5694.34,21,Food,3085.1,3200.75,New,0.21,Cash,Retail,North-Eve
1036,2023-04-28,Charlie,West,7739.11,25,Furniture,4037.73,4446.45,Returning,0.09,Bank Transfer,Online,West-Charlie
1032,2023-06-08,Eve,West,219.82,49,Electronics,4812.41,5088.0,Returning,0.09,Credit Card,Online,West-Eve
1071,2023-10-30,Alice,West,189.48,22,Electronics,2701.39,3185.81,New,0.01,Bank Transfer,Online,West-Alice
1059,2023-08-16,Alice,West,3634.59,21,Clothing,3110.54,3192.99,New,0.17,Credit Card,Online,West-Alice
1086,2023-12-31,Alice,South,9269.32,33,Clothing,3419.33,3890.36,Returning,0.21,Cash,Retail,South-Alice
1028,2023-08-04,Alice,North,2363.9,38,Clothing,3350.32,3449.94,New,0.26,Cash,Online,North-Alice
1042,2023-01-15,David,South,2298.55,46,Furniture,2172.38,2367.11,New,0.16,Cash,Retail,South-David
1062,2023-05-16,Charlie,North,8495.62,46,Furniture,159.32,303.36,New,0.03,Cash,Retail,North-Charlie
1057,2023-09-18,Charlie,West,7315.73,25,Food,1821.91,2027.74,New,0.02,Bank Transfer,Retail,West-Charlie
1006,2023-06-06,Bob,East,1044.45,21,Electronics,1701.62,2193.22,New,0.22,Bank Transfer,Retail,East-Bob
1028,2023-02-16,Bob,East,4344.15,24,Electronics,1969.09,2241.96,Returning,0.02,Credit Card,Online,East-Bob
1084,2023-06-22,Eve,North,6658.1,49,Furniture,4291.97,4645.64,Returning,0.26,Credit Card,Online,North-Eve
1030,2023-05-10,Bob,South,1273.18,43,Clothing,4696.64,4713.68,Returning,0.24,Bank Transfer,Online,South-Bob
1062,2023-04-05,Bob,North,2959.96,48,Food,2487.19,2521.4500000000003,New,0.29,Cash,Online,North-Bob
1075,2023-04-25,David,West,4038.58,44,Furniture,3519.29,3822.98,Returning,0.27,Bank Transfer,Online,West-David
1092,2023-08-31,Eve,South,9203.36,47,Food,4284.98,4462.4,New,0.28,Credit Card,Retail,South-Eve
1089,2023-10-19,Eve,West,9933.22,23,Food,2120.54,2597.67,Returning,0.26,Credit Card,Retail,West-Eve
1097,2023-10-26,Alice,East,7633.98,27,Electronics,4686.79,5046.51,Returning,0.05,Credit Card,Retail,East-Alice
1027,2023-03-10,Eve,South,3985.34,21,Food,2511.41,2848.4,Returning,0.06,Bank Transfer,Online,South-Eve
1062,2023-05-28,Bob,South,7567.22,28,Electronics,933.16,1004.7,Returning,0.18,Bank Transfer,Online,South-Bob
1077,2023-01-11,Eve,North,9192.42,35,Electronics,585.37,970.49,Returning,0.15,Bank Transfer,Retail,North-Eve
1003,2023-09-11,David,East,9514.19,22,Food,4218.43,4331.42,New,0.26,Bank Transfer,Online,East-David
1070,2023-11-26,David,North,5813.51,40,Furniture,3089.96,3258.45,New,0.29,Cash,Online,North-David
1072,2023-12-26,Charlie,North,3635.5,23,Furniture,1662.83,2074.25,New,0.12,Bank Transfer,Online,North-Charlie
1009,2023-05-14,David,West,2584.91,40,Furniture,2799.71,3231.08,Returning,0.29,Credit Card,Retail,West-David
1037,2023-01-23,Charlie,East,3649.93,25,Food,1074.62,1382.4299999999998,Returning,0.24,Credit Card,Retail,East-Charlie
1097,2023-10-30,Eve,West,6600.65,49,Electronics,4264.46,4315.52,New,0.07,Cash,Retail,West-Eve
1079,2023-08-06,David,North,1107.86,45,Clothing,1406.9,1547.35,New,0.17,Cash,Retail,North-David
1059,2023-05-21,Alice,North,5108.98,37,Electronics,4146.99,4172.349999999999,Returning,0.06,Cash,Retail,North-Alice
1032,2023-04-14,David,North,2286.44,45,Clothing,3712.35,3780.88,New,0.07,Cash,Retail,North-David
1096,2023-07-29,Charlie,West,485.41,38,Electronics,3955.66,4270.59,Returning,0.15,Credit Card,Online,West-Charlie
1088,2023-04-21,Charlie,East,456.59,29,Furniture,639.58,1107.45,New,0.29,Cash,Retail,East-Charlie
1058,2023-06-20,Eve,West,2896.54,48,Clothing,2614.48,3049.04,New,0.1,Credit Card,Retail,West-Eve
1039,2023-05-13,Eve,West,4422.48,40,Furniture,3536.46,3945.82,New,0.24,Bank Transfer,Online,West-Eve
1002,2023-10-20,David,North,5842.88,30,Clothing,4646.55,4784.28,Returning,0.1,Credit Card,Retail,North-David
1056,2023-05-07,David,East,7611.88,28,Clothing,1566.03,1576.34,Returning,0.2,Bank Transfer,Online,East-David
1081,2023-04-16,Charlie,West,2896.71,44,Electronics,1362.15,1844.07,New,0.29,Credit Card,Online,West-Charlie
1002,2023-10-14,David,South,8951.53,39,Clothing,1004.71,1389.35,New,0.24,Bank Transfer,Online,South-David
1002,2023-02-20,Charlie,West,9469.92,26,Food,508.94,557.69,New,0.22,Credit Card,Retail,West-Charlie
1087,2023-10-24,Bob,East,7825.62,28,Clothing,551.83,569.63,New,0.13,Credit Card,Retail,East-Bob
1096,2023-08-02,Bob,North,4815.72,30,Electronics,3969.86,4281.79,Returning,0.08,Bank Transfer,Retail,North-Bob
1001,2023-09-14,Eve,South,2126.33,39,Food,2437.26,2889.67,Returning,0.25,Cash,Online,South-Eve
1019,2023-10-29,David,West,5952.19,31,Food,333.69,685.1,New,0.04,Bank Transfer,Online,West-David
1002,2023-04-11,Bob,North,1942.75,21,Food,914.22,971.57,Returning,0.14,Cash,Online,North-Bob
1053,2023-12-12,Alice,South,3382.49,47,Electronics,3551.76,3696.1,Returning,0.15,Bank Transfer,Retail,South-Alice
1044,2023-04-20,Charlie,West,8564.8,34,Food,3573.3,3740.13,Returning,0.01,Credit Card,Online,West-Charlie
1090,2023-07-01,David,North,2150.05,31,Furniture,4496.86,4880.799999999999,New,0.06,Cash,Retail,North-David
1032,2023-11-09,Bob,East,804.47,25,Electronics,2934.3,3337.4,Returning,0.25,Credit Card,Retail,East-Bob
1068,2023-02-24,Bob,North,5118.51,22,Clothing,3619.61,3651.42,Returning,0.26,Bank Transfer,Online,North-Bob
1055,2023-05-29,Eve,North,4153.18,40,Furniture,959.73,1111.41,New,0.23,Bank Transfer,Online,North-Eve
1075,2023-11-05,Bob,East,8127.7,37,Food,1675.51,1906.64,New,0.13,Bank Transfer,Online,East-Bob
1056,2023-05-17,David,West,8374.68,47,Furniture,2461.7,2529.02,Returning,0.22,Cash,Retail,West-David
1024,2023-04-27,Alice,West,7734.12,42,Food,2069.05,2363.9,Returning,0.07,Cash,Online,West-Alice
1069,2023-06-03,David,West,6581.04,42,Clothing,1434.2,1482.88,New,0.28,Credit Card,Retail,West-David
1098,2023-10-18,Eve,West,1600.79,21,Furniture,725.03,828.9499999999999,New,0.18,Bank Transfer,Online,West-Eve
1011,2023-01-25,Eve,North,2896.48,22,Electronics,1324.52,1510.3,Returning,0.15,Cash,Retail,North-Eve
1016,2023-03-31,Eve,East,4309.76,38,Electronics,3883.38,4152.72,Returning,0.26,Cash,Online,East-Eve
1097,2023-03-16,David,South,471.95,35,Food,1958.49,2254.84,New,0.16,Credit Card,Online,South-David
1073,2023-10-21,Alice,West,1365.88,45,Furniture,2558.09,2958.55,New,0.08,Cash,Online,West-Alice
1080,2023-01-17,Bob,South,4224.0,47,Furniture,4035.33,4211.25,Returning,0.07,Bank Transfer,Online,South-Bob
1020,2023-09-08,Eve,North,9733.47,26,Clothing,4472.35,4770.42,New,0.01,Credit Card,Retail,North-Eve
1019,2023-06-01,Bob,East,3109.03,38,Clothing,3637.25,4096.96,Returning,0.09,Bank Transfer,Online,East-Bob
1067,2023-06-29,Eve,South,114.59,48,Food,4319.32,4625.56,Returning,0.1,Bank Transfer,Online,South-Eve
1020,2023-12-10,Bob,North,9671.77,45,Electronics,4268.45,4551.599999999999,New,0.08,Bank Transfer,Online,North-Bob
1071,2023-06-26,David,North,6664.17,35,Clothing,295.82,684.6700000000001,New,0.03,Credit Card,Online,North-David
1052,2023-10-12,David,North,7444.77,46,Electronics,3136.42,3198.49,Returning,0.29,Cash,Retail,North-David
1040,2023-05-30,Alice,South,4284.03,47,Clothing,1656.82,1750.38,New,0.21,Credit Card,Online,South-Alice
1001,2023-02-18,David,West,7154.95,27,Clothing,939.02,1286.92,Returning,0.07,Credit Card,Retail,West-David
1092,2023-03-25,Alice,West,1897.98,49,Furniture,2315.0,2467.28,New,0.15,Bank Transfer,Retail,West-Alice
1057,2023-12-27,Bob,South,3772.32,31,Furniture,2403.16,2453.35,Returning,0.19,Credit Card,Online,South-Bob
1089,2023-06-26,Eve,North,9029.21,35,Furniture,3925.85,4082.11,New,0.22,Cash,Online,North-Eve
1031,2023-12-08,David,North,7567.06,22,Food,4236.05,4382.320000000001,New,0.2,Bank Transfer,Online,North-David
1094,2023-03-04,Bob,North,3992.63,49,Food,615.47,715.84,Returning,0.21,Credit Card,Retail,North-Bob
1042,2023-07-08,Alice,East,5947.31,23,Electronics,1314.0,1567.78,Returning,0.15,Credit Card,Retail,East-Alice
1099,2023-12-26,Eve,West,6644.04,25,Electronics,4148.48,4293.69,New,0.11,Bank Transfer,Online,West-Eve
1007,2023-02-18,Alice,South,876.71,34,Clothing,1921.07,2289.27,Returning,0.07,Bank Transfer,Retail,South-Alice
1016,2023-11-23,Eve,East,5490.52,26,Clothing,4906.85,4954.39,New,0.25,Bank Transfer,Online,East-Eve
1090,2023-09-14,Charlie,West,7122.28,47,Clothing,2357.95,2693.33,New,0.18,Bank Transfer,Online,West-Charlie
1002,2023-05-21,Charlie,West,7828.25,26,Clothing,2041.42,2291.17,Returning,0.28,Cash,Online,West-Charlie
1080,2023-01-18,Charlie,East,5138.02,44,Electronics,1763.67,1983.82,New,0.24,Credit Card,Online,East-Charlie
1024,2023-06-24,Alice,North,8292.31,43,Clothing,3105.24,3246.33,New,0.25,Cash,Online,North-Alice
1054,2023-07-13,Alice,South,7002.37,47,Food,4429.8,4694.21,New,0.25,Bank Transfer,Online,South-Alice
1033,2023-04-23,Charlie,East,7171.83,44,Electronics,1195.22,1320.06,Returning,0.23,Bank Transfer,Retail,East-Charlie
1024,2023-04-24,David,North,4670.99,35,Furniture,2051.0,2121.55,Returning,0.26,Cash,Retail,North-David
1072,2023-06-15,David,North,6976.49,35,Electronics,4349.36,4645.17,Returning,0.18,Credit Card,Retail,North-David
1084,2023-09-21,Eve,South,2813.31,36,Furniture,1458.77,1485.75,New,0.25,Credit Card,Online,South-Eve
1099,2023-02-24,David,East,8090.0,35,Clothing,2610.19,2682.53,New,0.14,Cash,Retail,East-David
1089,2023-12-25,Eve,South,2032.88,32,Clothing,4248.5,4706.7,New,0.01,Bank Transfer,Retail,South-Eve
1099,2023-05-11,Alice,South,3518.89,48,Food,3441.61,3693.45,Returning,0.19,Bank Transfer,Online,South-Alice
1025,2023-10-15,David,North,3422.54,44,Food,1485.72,1717.97,New,0.02,Credit Card,Retail,North-David
1093,2023-09-23,Charlie,North,9787.4,40,Furniture,1047.25,1075.89,New,0.28,Credit Card,Retail,North-Charlie
1018,2024-01-01,Alice,West,8579.72,24,Electronics,1362.78,1729.81,New,0.29,Bank Transfer,Online,West-Alice
1054,2023-02-24,Alice,North,5664.52,43,Food,2124.72,2188.66,Returning,0.03,Credit Card,Retail,North-Alice
1080,2023-06-27,Eve,West,5012.96,35,Furniture,900.97,1321.18,Returning,0.1,Cash,Online,West-Eve
1061,2023-12-15,Alice,North,3867.13,32,Food,2759.26,3193.25,New,0.2,Bank Transfer,Online,North-Alice
1041,2023-01-08,David,East,1714.05,36,Food,864.77,1170.16,Returning,0.11,Cash,Retail,East-David
1033,2023-11-19,David,North,349.41,37,Electronics,2600.76,2937.57,New,0.17,Credit Card,Retail,North-David
1014,2023-09-12,Charlie,East,8406.07,48,Furniture,556.72,665.07,Returning,0.01,Bank Transfer,Retail,East-Charlie
1048,2023-02-23,Bob,West,7066.63,47,Food,4535.86,4641.41,New,0.27,Credit Card,Retail,West-Bob
1008,2023-08-27,David,South,4432.85,40,Clothing,2687.49,3001.56,Returning,0.26,Bank Transfer,Online,South-David
1067,2023-03-08,Bob,East,7078.22,28,Electronics,3489.85,3842.55,New,0.03,Bank Transfer,Online,East-Bob
1048,2023-04-02,David,South,9673.65,45,Electronics,4262.21,4533.31,Returning,0.27,Credit Card,Online,South-David
1076,2023-09-21,Bob,North,611.52,26,Electronics,1762.0,2002.95,Returning,0.29,Credit Card,Retail,North-Bob
1059,2023-10-18,Alice,North,5097.48,28,Electronics,224.32,715.06,Returning,0.01,Credit Card,Online,North-Alice
1086,2023-04-06,Charlie,West,7212.69,32,Electronics,3743.59,4116.38,Returning,0.11,Cash,Online,West-Charlie
1022,2023-03-29,Bob,West,8640.14,45,Furniture,4020.09,4087.91,Returning,0.06,Bank Transfer,Online,West-Bob
1038,2023-10-15,David,West,8020.03,31,Clothing,2709.84,2766.51,New,0.19,Cash,Retail,West-David
1008,2023-06-14,Eve,North,1403.98,24,Clothing,1394.17,1891.02,New,0.21,Credit Card,Online,North-Eve
1027,2023-08-11,Eve,North,1657.0,43,Clothing,4232.61,4572.21,New,0.01,Cash,Retail,North-Eve
1098,2023-11-07,Alice,West,3166.9,31,Food,2407.8,2502.76,Returning,0.27,Cash,Retail,West-Alice
1030,2023-11-26,Alice,West,8727.0,39,Electronics,2041.75,2299.37,Returning,0.24,Bank Transfer,Retail,West-Alice
1097,2023-09-20,David,North,6759.76,45,Clothing,1525.13,1868.32,Returning,0.24,Cash,Retail,North-David
1069,2023-05-27,Charlie,West,5760.29,44,Electronics,1084.73,1420.9,Returning,0.05,Credit Card,Online,West-Charlie
1061,2023-04-22,Eve,South,8345.02,39,Electronics,3494.19,3746.0,Returning,0.25,Bank Transfer,Retail,South-Eve
1048,2023-02-05,David,North,9070.26,42,Electronics,4723.83,5186.19,Returning,0.22,Credit Card,Online,North-David
1004,2023-07-07,Eve,North,6772.8,35,Clothing,2278.87,2646.53,Returning,0.09,Bank Transfer,Online,North-Eve
1035,2023-03-23,David,East,613.17,30,Clothing,1300.03,1745.52,New,0.09,Cash,Retail,East-David
1049,2023-10-30,Alice,East,2947.56,38,Food,4243.98,4474.509999999999,New,0.01,Credit Card,Online,East-Alice
1092,2023-08-22,David,East,6250.8,29,Clothing,1742.24,2070.52,New,0.12,Cash,Online,East-David
1030,2023-07-14,Bob,East,3407.09,39,Clothing,4929.73,5088.02,New,0.23,Bank Transfer,Retail,East-Bob
1093,2023-04-29,Alice,North,7353.72,34,Food,4201.11,4436.5,New,0.05,Cash,Online,North-Alice
1046,2023-01-20,Eve,East,4104.82,43,Clothing,4052.42,4199.3,New,0.1,Bank Transfer,Retail,East-Eve
1006,2023-09-18,David,West,776.7,45,Furniture,1623.63,1814.63,New,0.29,Bank Transfer,Retail,West-David
1099,2023-10-20,David,South,7859.22,23,Clothing,93.45,181.62,Returning,0.3,Bank Transfer,Retail,South-David
1024,2023-08-10,Eve,South,4384.39,30,Food,1543.96,1558.87,Returning,0.28,Credit Card,Online,South-Eve
1046,2023-02-22,Alice,South,3391.32,46,Clothing,2551.56,2841.68,New,0.09,Bank Transfer,Retail,South-Alice
1053,2023-12-21,Bob,North,660.2,44,Furniture,2045.0,2217.51,Returning,0.08,Credit Card,Online,North-Bob
1099,2023-12-30,Bob,West,9450.04,29,Electronics,3124.87,3383.67,New,0.05,Credit Card,Retail,West-Bob
1060,2023-10-07,Alice,South,6453.17,23,Electronics,647.7,902.26,New,0.17,Bank Transfer,Online,South-Alice
1063,2023-07-21,Bob,East,6359.59,32,Electronics,975.31,1176.17,New,0.22,Bank Transfer,Retail,East-Bob
1085,2023-06-07,Charlie,East,2070.02,42,Clothing,2254.11,2382.23,Returning,0.15,Credit Card,Retail,East-Charlie
1033,2023-08-03,Alice,West,1103.59,40,Food,541.19,595.2,Returning,0.19,Credit Card,Online,West-Alice
1067,2023-05-08,Charlie,North,2850.74,32,Food,2171.79,2307.64,Returning,0.22,Bank Transfer,Online,North-Charlie
1025,2023-07-28,David,West,4376.99,37,Electronics,1115.02,1174.48,New,0.22,Credit Card,Online,West-David
1067,2023-01-09,Charlie,North,1875.71,48,Electronics,210.63,533.5799999999999,New,0.04,Bank Transfer,Online,North-Charlie
1024,2023-08-25,David,South,1221.7,42,Electronics,1586.02,2047.13,New,0.25,Cash,Retail,South-David
1047,2023-12-25,David,North,7405.06,43,Electronics,1249.17,1727.15,New,0.08,Cash,Retail,North-David
1023,2023-09-03,David,South,4285.01,32,Electronics,4775.04,4785.66,New,0.03,Cash,Online,South-David
1090,2023-06-03,Eve,North,2132.8,41,Furniture,2055.49,2441.46,New,0.24,Credit Card,Online,North-Eve
1009,2023-04-08,Charlie,South,2945.87,32,Clothing,3219.88,3384.5,Returning,0.14,Cash,Retail,South-Charlie
1043,2023-08-03,David,East,6601.89,22,Electronics,4260.0,4656.58,New,0.0,Bank Transfer,Online,East-David
1039,2023-03-16,Eve,North,6076.01,35,Furniture,2735.74,3181.23,New,0.1,Credit Card,Retail,North-Eve
1093,2023-11-22,Charlie,North,862.1,22,Furniture,3285.25,3634.58,New,0.13,Bank Transfer,Online,North-Charlie
1099,2023-12-07,Bob,East,3043.18,22,Furniture,2471.67,2533.04,Returning,0.02,Bank Transfer,Retail,East-Bob
1050,2023-02-11,Charlie,West,1011.46,48,Furniture,710.06,851.3499999999999,Returning,0.04,Bank Transfer,Online,West-Charlie
1013,2023-02-03,Bob,North,6520.2,42,Clothing,4625.33,4642.83,New,0.19,Credit Card,Online,North-Bob
1036,2023-03-17,Alice,East,2583.84,23,Food,3335.53,3742.12,New,0.03,Bank Transfer,Retail,East-Alice
1020,2023-04-27,Alice,South,7095.64,33,Furniture,4772.03,4805.17,Returning,0.28,Bank Transfer,Online,South-Alice
1008,2023-12-08,Alice,South,3197.78,49,Electronics,2907.22,3385.61,New,0.13,Cash,Online,South-Alice
1016,2023-01-27,Eve,North,2783.85,41,Food,3386.49,3430.99,New,0.21,Bank Transfer,Retail,North-Eve
1076,2023-10-14,Charlie,South,8674.35,23,Food,1727.78,1984.34,Returning,0.24,Bank Transfer,Online,South-Charlie
1092,2023-06-17,Alice,East,1632.8,47,Furniture,1447.45,1703.02,Returning,0.12,Bank Transfer,Retail,East-Alice
1066,2023-09-25,Eve,East,7391.7,47,Food,1319.24,1805.56,New,0.26,Credit Card,Retail,East-Eve
1032,2023-08-25,Bob,North,8841.64,23,Electronics,4673.19,4761.179999999999,Returning,0.17,Credit Card,Retail,North-Bob
1087,2023-11-05,Eve,East,2106.06,30,Electronics,698.74,882.28,Returning,0.15,Credit Card,Online,East-Eve
1063,2023-06-22,Bob,South,5917.1,25,Electronics,3997.1,4212.65,New,0.22,Cash,Online,South-Bob
1086,2023-07-09,David,North,7041.28,28,Food,2564.35,2765.79,Returning,0.17,Credit Card,Online,North-David
1051,2023-05-02,Alice,North,6833.11,34,Furniture,3764.14,4100.4,Returning,0.05,Bank Transfer,Retail,North-Alice
1025,2023-02-15,David,South,4140.7,45,Clothing,1588.04,1703.64,New,0.2,Bank Transfer,Retail,South-David
1058,2023-03-05,Eve,North,252.41,48,Furniture,2596.72,2715.05,Returning,0.04,Cash,Online,North-Eve
1063,2023-05-10,David,East,5870.97,47,Electronics,4291.33,4658.64,New,0.24,Credit Card,Retail,East-David
1062,2023-11-06,David,East,2605.71,25,Food,2361.05,2616.19,New,0.3,Bank Transfer,Retail,East-David
1058,2023-11-03,David,West,4050.45,42,Clothing,3600.95,3702.84,Returning,0.01,Cash,Retail,West-David
1086,2023-06-30,Bob,North,8414.04,46,Clothing,2245.64,2260.81,New,0.0,Cash,Retail,North-Bob
1049,2023-10-19,Eve,South,1966.55,30,Clothing,4697.44,4752.24,New,0.28,Credit Card,Online,South-Eve
1052,2023-10-09,David,West,6757.36,41,Electronics,1509.98,1792.83,New,0.04,Cash,Retail,West-David
1042,2023-01-29,Eve,North,9772.37,25,Food,2403.54,2850.56,New,0.13,Bank Transfer,Online,North-Eve
1015,2023-09-24,Bob,East,182.37,35,Clothing,3461.15,3631.75,Returning,0.27,Credit Card,Online,East-Bob
1054,2023-10-23,David,South,4392.47,48,Electronics,4325.02,4391.67,Returning,0.16,Credit Card,Retail,South-David
1060,2023-01-11,Charlie,West,1016.99,34,Electronics,4984.21,5184.64,New,0.17,Cash,Online,West-Charlie
1008,2023-04-23,Eve,North,9154.03,35,Clothing,600.2,1059.8200000000002,Returning,0.29,Bank Transfer,Retail,North-Eve
1005,2023-08-20,Bob,North,4400.59,21,Food,4376.37,4818.95,New,0.0,Credit Card,Retail,North-Bob
1068,2023-08-15,Alice,South,7262.13,21,Food,1142.53,1384.3,Returning,0.02,Credit Card,Retail,South-Alice
1006,2023-11-06,Bob,South,189.64,22,Food,834.32,1098.97,Returning,0.17,Cash,Online,South-Bob
1096,2023-04-08,Charlie,South,5935.59,45,Clothing,357.92,461.3,Returning,0.28,Cash,Online,South-Charlie
1040,2023-03-10,Alice,East,1004.78,42,Electronics,4205.29,4382.35,New,0.25,Cash,Retail,East-Alice
1030,2023-02-05,David,East,236.08,49,Furniture,2590.29,2925.86,Returning,0.26,Cash,Retail,East-David
1017,2023-05-28,David,East,2222.62,35,Electronics,4867.64,5287.05,Returning,0.28,Credit Card,Online,East-David
1063,2023-08-15,Alice,East,2780.98,26,Food,1046.96,1528.15,New,0.07,Credit Card,Retail,East-Alice
1058,2023-12-31,Alice,West,4643.51,44,Clothing,1910.47,2217.8,New,0.22,Bank Transfer,Online,West-Alice
1055,2023-07-20,Eve,West,7354.06,43,Furniture,4111.7,4537.94,Returning,0.13,Bank Transfer,Online,West-Eve
1090,2023-06-03,David,South,6106.64,47,Furniture,85.35,360.54,New,0.28,Cash,Online,South-David
1090,2023-03-14,David,East,6761.43,47,Furniture,2310.82,2714.71,New,0.19,Cash,Retail,East-David
1062,2023-07-20,Eve,North,903.38,48,Electronics,1679.69,1939.04,New,0.09,Credit Card,Online,North-Eve
1023,2023-10-23,David,South,9519.76,42,Food,309.78,350.38,Returning,0.19,Credit Card,Retail,South-David
1058,2023-03-02,Eve,West,9333.83,39,Food,3542.8,3603.02,Returning,0.26,Cash,Online,West-Eve
1034,2023-02-11,Eve,South,2082.79,26,Electronics,667.0,718.72,New,0.2,Cash,Retail,South-Eve
1096,2023-01-25,Charlie,West,6206.16,27,Clothing,4809.0,4967.44,New,0.12,Cash,Online,West-Charlie
1048,2023-02-08,Charlie,West,7454.53,27,Clothing,3197.76,3572.61,Returning,0.08,Credit Card,Online,West-Charlie
1061,2023-04-18,Eve,North,3774.02,47,Electronics,146.27,498.46,New,0.06,Cash,Retail,North-Eve
1064,2023-06-21,Bob,West,9215.59,46,Electronics,984.53,1138.49,New,0.04,Bank Transfer,Online,West-Bob
1063,2023-04-12,Charlie,North,5886.04,40,Electronics,2101.32,2440.63,New,0.26,Bank Transfer,Retail,North-Charlie
1093,2023-10-02,Bob,West,3747.64,43,Electronics,1486.76,1505.44,New,0.08,Cash,Retail,West-Bob
1026,2023-11-01,Alice,South,7895.13,36,Clothing,3067.05,3386.33,New,0.2,Bank Transfer,Online,South-Alice
1016,2023-01-17,Eve,West,4598.02,21,Electronics,2863.74,2953.91,New,0.1,Bank Transfer,Retail,West-Eve
1057,2023-11-07,Bob,East,7084.06,26,Clothing,1291.82,1308.4399999999998,Returning,0.07,Credit Card,Online,East-Bob
1078,2023-01-12,Eve,East,4481.2,36,Food,4548.88,4853.41,Returning,0.25,Credit Card,Retail,East-Eve
1092,2023-11-14,Eve,East,6528.29,28,Clothing,3936.69,4362.51,Returning,0.07,Credit Card,Retail,East-Eve
1069,2023-03-21,Bob,East,9369.18,29,Furniture,2462.66,2908.09,New,0.12,Credit Card,Online,East-Bob
1047,2023-08-04,Eve,South,733.66,47,Clothing,4729.59,4976.68,Returning,0.18,Credit Card,Retail,South-Eve
1062,2023-09-21,David,North,2994.59,37,Electronics,4658.44,4823.5,Returning,0.14,Credit Card,Online,North-David
1069,2023-05-29,Alice,North,4494.8,30,Electronics,300.01,477.68,New,0.11,Bank Transfer,Retail,North-Alice
1076,2023-03-22,Charlie,South,316.94,23,Food,2759.16,2864.45,Returning,0.18,Credit Card,Retail,South-Charlie
1085,2023-03-30,David,West,9278.4,45,Clothing,4763.11,5119.91,Returning,0.29,Cash,Retail,West-David
1039,2023-09-25,Eve,West,1143.39,37,Electronics,4127.05,4313.45,New,0.16,Cash,Online,West-Eve
1100,2023-05-23,Bob,West,7667.96,29,Food,3559.56,3607.15,Returning,0.21,Cash,Retail,West-Bob
1023,2023-01-26,David,North,2676.34,36,Clothing,1991.72,2329.37,New,0.28,Credit Card,Retail,North-David
1010,2023-02-16,David,East,1678.97,47,Furniture,2265.38,2429.9300000000003,Returning,0.06,Bank Transfer,Online,East-David
1069,2023-10-15,Bob,West,1688.58,46,Food,3663.51,4007.980000000001,New,0.13,Cash,Online,West-Bob
1052,2023-07-18,Eve,South,6675.77,42,Electronics,417.96,907.63,New,0.04,Cash,Retail,South-Eve
1095,2023-10-09,David,North,8828.74,21,Clothing,621.05,820.3699999999999,Returning,0.24,Bank Transfer,Online,North-David
1010,2023-03-27,Eve,South,8159.84,37,Clothing,4354.92,4495.88,Returning,0.01,Bank Transfer,Online,South-Eve
1019,2023-09-07,Bob,West,6882.83,27,Electronics,2387.52,2604.06,Returning,0.16,Cash,Online,West-Bob
1058,2023-09-27,Eve,West,1193.28,29,Electronics,3578.77,3635.02,New,0.2,Bank Transfer,Retail,West-Eve
1001,2023-04-27,Eve,East,3167.09,25,Electronics,1330.62,1543.6899999999998,New,0.27,Credit Card,Online,East-Eve
1004,2023-05-17,Alice,North,5198.56,36,Food,3981.2,4432.349999999999,New,0.14,Cash,Online,North-Alice
1024,2023-11-24,Alice,South,3633.17,22,Food,4691.32,4752.88,Returning,0.07,Bank Transfer,Retail,South-Alice
1080,2023-11-11,Alice,East,3602.51,32,Electronics,3414.54,3753.83,New,0.22,Cash,Retail,East-Alice
1091,2023-04-13,Eve,West,9146.51,36,Electronics,3951.59,4387.01,New,0.07,Bank Transfer,Retail,West-Eve
1084,2023-09-30,Alice,East,9532.87,30,Food,169.0,381.92,Returning,0.26,Cash,Retail,East-Alice
1024,2023-01-14,Bob,South,3334.75,45,Clothing,2693.99,3045.94,New,0.01,Cash,Retail,South-Bob
1050,2023-06-01,Bob,South,5105.78,23,Furniture,3756.06,4255.73,Returning,0.04,Cash,Online,South-Bob
1035,2023-04-18,David,South,9417.1,34,Food,1105.05,1200.96,Returning,0.19,Cash,Online,South-David
1033,2023-10-28,David,North,1115.42,43,Clothing,4781.42,4864.34,Returning,0.25,Bank Transfer,Online,North-David
1061,2023-04-08,Charlie,East,3988.03,29,Clothing,1221.74,1611.92,New,0.15,Cash,Retail,East-Charlie
1051,2023-05-11,Bob,North,5578.37,36,Food,4418.95,4647.87,New,0.04,Bank Transfer,Online,North-Bob
1043,2023-10-20,Charlie,South,5081.01,22,Food,530.04,759.3199999999999,Returning,0.17,Bank Transfer,Retail,South-Charlie
1012,2023-06-20,Alice,South,2019.24,47,Clothing,325.75,803.71,New,0.12,Bank Transfer,Retail,South-Alice
1067,2023-07-02,Alice,North,8602.29,36,Electronics,689.66,1150.28,New,0.2,Bank Transfer,Online,North-Alice
1033,2023-02-08,Eve,North,8395.29,39,Electronics,4232.81,4345.25,Returning,0.12,Bank Transfer,Online,North-Eve
1074,2023-01-04,Eve,South,7508.72,38,Furniture,1394.74,1848.69,Returning,0.0,Bank Transfer,Retail,South-Eve
1044,2023-07-29,Alice,North,6144.41,47,Electronics,1512.34,1830.76,New,0.12,Bank Transfer,Online,North-Alice
1095,2023-11-07,Charlie,West,6970.1,32,Clothing,4266.64,4523.360000000001,New,0.3,Bank Transfer,Retail,West-Charlie
1081,2023-09-04,Alice,North,7215.52,23,Electronics,1236.25,1543.38,New,0.1,Bank Transfer,Online,North-Alice
1008,2023-05-21,David,East,5197.84,37,Furniture,1712.43,1980.06,New,0.26,Cash,Online,East-David
1093,2023-10-01,Eve,East,1697.49,22,Electronics,2593.64,2955.51,Returning,0.0,Bank Transfer,Retail,East-Eve
1074,2023-08-15,David,West,289.38,29,Furniture,1723.01,2197.42,New,0.07,Bank Transfer,Retail,West-David
1090,2023-02-08,Charlie,North,1740.91,44,Clothing,3542.18,3578.49,Returning,0.12,Cash,Online,North-Charlie
1034,2023-10-29,David,North,8919.47,34,Food,978.15,1040.21,New,0.12,Credit Card,Retail,North-David
1068,2023-11-14,Charlie,West,3607.29,42,Clothing,1218.18,1566.36,Returning,0.03,Credit Card,Retail,West-Charlie
1075,2023-08-24,Charlie,West,2301.38,42,Clothing,967.77,1414.88,New,0.17,Bank Transfer,Online,West-Charlie
1029,2023-07-04,Charlie,North,5240.32,31,Furniture,951.21,1320.3200000000002,New,0.15,Cash,Online,North-Charlie
1036,2023-09-23,Bob,North,3971.23,42,Furniture,3549.43,3967.69,New,0.14,Bank Transfer,Online,North-Bob
1010,2023-12-25,David,South,2418.61,30,Food,3289.01,3508.1400000000003,New,0.17,Bank Transfer,Retail,South-David
1073,2023-12-06,Alice,North,2273.58,31,Food,4368.97,4696.85,Returning,0.25,Bank Transfer,Retail,North-Alice
1024,2023-03-06,Alice,South,9602.64,35,Electronics,1258.53,1624.89,New,0.08,Credit Card,Online,South-Alice
1064,2023-06-26,Alice,North,6201.37,21,Clothing,2278.04,2598.58,Returning,0.02,Credit Card,Retail,North-Alice
1099,2023-01-03,Bob,East,5613.1,31,Furniture,4632.85,4711.700000000001,New,0.21,Cash,Retail,East-Bob
1099,2023-06-07,Charlie,East,4346.55,31,Food,1974.4,2259.5,New,0.27,Cash,Retail,East-Charlie
1036,2023-11-20,Alice,East,5454.96,32,Clothing,700.49,1126.52,New,0.29,Credit Card,Retail,East-Alice
1062,2023-03-14,Alice,East,4178.39,24,Food,3018.01,3418.19,Returning,0.23,Bank Transfer,Retail,East-Alice
1037,2023-12-10,Bob,North,6351.05,32,Electronics,2594.08,3074.59,New,0.14,Cash,Retail,North-Bob
1013,2023-10-20,David,East,6095.82,46,Electronics,1648.8,1670.36,Returning,0.09,Credit Card,Retail,East-David
1023,2023-03-02,David,West,1260.32,39,Food,4450.61,4663.339999999999,New,0.24,Cash,Retail,West-David
1089,2023-07-17,Charlie,North,3438.35,31,Clothing,845.14,1001.77,New,0.03,Cash,Online,North-Charlie
1099,2023-10-22,Bob,West,1514.14,43,Clothing,906.47,1283.04,New,0.24,Cash,Online,West-Bob
1030,2023-11-15,Eve,East,6951.53,24,Clothing,1370.52,1482.58,Returning,0.2,Credit Card,Retail,East-Eve
1084,2023-01-11,Bob,East,8967.18,21,Clothing,576.74,648.29,Returning,0.2,Bank Transfer,Online,East-Bob
1013,2023-08-14,Alice,East,4250.79,26,Clothing,3749.12,4138.83,New,0.13,Credit Card,Online,East-Alice
1059,2023-06-02,Bob,West,279.43,47,Furniture,287.17,657.44,Returning,0.14,Credit Card,Retail,West-Bob
1049,2023-02-21,Alice,East,783.55,31,Electronics,3570.24,3712.25,New,0.03,Credit Card,Online,East-Alice
1012,2023-02-28,David,East,5650.72,33,Food,3831.09,3908.37,New,0.29,Cash,Retail,East-David
1019,2023-05-28,Alice,East,6917.45,28,Furniture,3907.86,4205.37,New,0.09,Credit Card,Online,East-Alice
1076,2023-12-15,Bob,West,2607.4,32,Food,2636.36,2696.78,New,0.09,Cash,Retail,West-Bob
1071,2023-11-06,David,North,7262.09,47,Food,3942.34,4142.09,Returning,0.03,Credit Card,Retail,North-David
1028,2023-08-31,Eve,North,5403.0,28,Furniture,2055.28,2449.6400000000003,New,0.19,Credit Card,Online,North-Eve
1078,2024-01-01,David,East,8377.57,42,Food,63.41,314.93,Returning,0.03,Cash,Retail,East-David
1083,2023-08-14,Eve,West,4902.44,42,Clothing,2505.41,2638.96,New,0.1,Bank Transfer,Online,West-Eve
1016,2023-11-09,Charlie,South,3402.92,24,Furniture,88.44,338.94,New,0.29,Cash,Online,South-Charlie
1099,2023-08-29,Alice,West,4567.81,44,Clothing,4933.11,5245.86,Returning,0.13,Bank Transfer,Retail,West-Alice
1025,2023-09-19,Alice,East,8564.24,26,Electronics,2007.32,2202.87,Returning,0.11,Cash,Online,East-Alice
1085,2023-09-18,Eve,East,4716.47,40,Clothing,4083.23,4521.57,New,0.27,Bank Transfer,Retail,East-Eve
1100,2023-02-23,Eve,North,849.43,43,Furniture,2116.09,2472.98,New,0.01,Credit Card,Retail,North-Eve
1023,2023-08-03,David,West,8055.02,45,Food,4692.24,4825.92,Returning,0.19,Bank Transfer,Retail,West-David
1053,2023-01-20,David,West,8785.77,42,Furniture,2443.57,2943.3100000000004,New,0.29,Cash,Online,West-David
1042,2023-08-29,Eve,South,3955.11,27,Clothing,1139.45,1454.41,Returning,0.3,Bank Transfer,Online,South-Eve
1058,2023-03-02,Eve,East,5463.43,49,Furniture,1307.22,1528.4,Returning,0.24,Cash,Retail,East-Eve
1014,2023-12-04,Bob,West,758.99,49,Furniture,493.35,799.27,New,0.1,Bank Transfer,Online,West-Bob
1035,2023-08-04,David,South,3817.14,30,Electronics,3813.62,3839.72,New,0.21,Credit Card,Online,South-David
1093,2023-06-09,Bob,South,4391.38,38,Food,86.59,390.89,Returning,0.25,Credit Card,Online,South-Bob
1075,2023-08-15,Charlie,North,9972.11,28,Clothing,2570.22,2610.84,Returning,0.27,Bank Transfer,Retail,North-Charlie
1018,2023-09-26,David,East,5634.69,25,Furniture,739.63,1103.03,New,0.26,Bank Transfer,Retail,East-David
1076,2023-04-30,Eve,West,3279.51,32,Clothing,4337.82,4460.71,Returning,0.3,Cash,Retail,West-Eve
1074,2023-11-25,Eve,North,3570.15,42,Furniture,2120.81,2611.94,Returning,0.23,Cash,Online,North-Eve
1058,2023-03-09,Eve,South,3788.08,40,Furniture,2249.76,2598.4,Returning,0.18,Credit Card,Retail,South-Eve
1017,2023-12-23,Alice,East,780.27,33,Food,1551.25,1994.01,Returning,0.08,Cash,Online,East-Alice
1046,2023-09-24,Charlie,West,4695.96,41,Clothing,1825.37,2073.88,Returning,0.27,Cash,Retail,West-Charlie
1013,2023-04-15,Eve,North,7255.1,42,Furniture,1375.57,1729.71,New,0.04,Cash,Online,North-Eve
1040,2023-11-19,David,North,6601.62,47,Electronics,2189.54,2617.0,New,0.01,Bank Transfer,Online,North-David
1042,2023-05-03,Alice,West,7116.78,37,Furniture,502.86,687.6,Returning,0.21,Cash,Online,West-Alice
1050,2023-05-17,Bob,North,2254.91,45,Furniture,112.35,586.18,Returning,0.28,Credit Card,Retail,North-Bob
1027,2023-07-14,Bob,South,6650.67,22,Food,3240.2,3606.09,New,0.07,Cash,Online,South-Bob
1005,2023-11-28,David,West,152.6,43,Furniture,1200.4,1430.45,New,0.08,Bank Transfer,Retail,West-David
1029,2023-06-19,Eve,South,8064.5,27,Food,3196.38,3596.6400000000003,New,0.01,Cash,Retail,South-Eve
1037,2023-01-09,Charlie,North,7750.81,41,Clothing,4965.07,5243.13,New,0.01,Credit Card,Online,North-Charlie
1083,2023-01-25,David,East,757.99,34,Clothing,1167.91,1547.2600000000002,New,0.11,Bank Transfer,Online,East-David
1008,2023-09-18,Charlie,South,7688.5,32,Food,921.32,1236.1,New,0.12,Credit Card,Online,South-Charlie
1065,2023-08-14,Bob,West,5878.76,26,Clothing,4337.85,4612.490000000001,Returning,0.01,Cash,Retail,West-Bob
1086,2023-05-04,Bob,West,7841.4,25,Food,2248.71,2626.02,New,0.08,Bank Transfer,Online,West-Bob
1089,2023-09-08,Bob,West,5228.28,40,Furniture,4089.66,4275.96,New,0.23,Credit Card,Online,West-Bob
1036,2023-02-06,Charlie,East,6242.69,26,Electronics,4266.36,4331.429999999999,Returning,0.14,Credit Card,Retail,East-Charlie
1019,2023-10-11,Eve,South,2030.25,32,Electronics,2866.47,3286.47,New,0.09,Credit Card,Online,South-Eve
1061,2023-03-22,Alice,East,8915.05,34,Clothing,2680.82,2771.02,New,0.2,Bank Transfer,Online,East-Alice
1054,2023-04-24,David,North,7524.78,48,Food,2316.92,2462.63,New,0.04,Credit Card,Online,North-David
1091,2023-10-28,Bob,West,7611.28,39,Furniture,2184.49,2540.42,Returning,0.27,Bank Transfer,Online,West-Bob
1019,2023-12-15,David,East,8902.37,36,Clothing,1340.51,1567.92,New,0.29,Cash,Online,East-David
1039,2023-04-25,Alice,East,5830.19,24,Clothing,2615.48,3062.2200000000003,New,0.19,Bank Transfer,Retail,East-Alice
1067,2023-07-05,Alice,West,6360.67,27,Furniture,3624.97,3836.52,New,0.08,Cash,Online,West-Alice
1013,2023-02-25,Eve,East,4791.82,31,Food,2757.06,3023.97,Returning,0.21,Cash,Online,East-Eve
1020,2023-02-09,Charlie,East,2102.32,29,Electronics,184.05,675.9100000000001,Returning,0.1,Cash,Retail,East-Charlie
1061,2023-10-16,Eve,East,2227.64,37,Furniture,4651.77,4984.39,Returning,0.12,Cash,Retail,East-Eve
1039,2023-09-19,Bob,South,4306.02,28,Clothing,666.84,817.36,Returning,0.02,Cash,Retail,South-Bob
1003,2023-05-27,Eve,East,5119.89,39,Clothing,310.96,457.84,New,0.03,Credit Card,Online,East-Eve
1077,2023-12-02,David,East,1960.41,24,Electronics,2258.54,2439.49,Returning,0.2,Credit Card,Retail,East-David
1092,2023-06-17,David,East,862.02,21,Clothing,2792.2,3254.55,New,0.02,Credit Card,Retail,East-David
1063,2023-12-19,Charlie,West,3889.71,46,Furniture,2302.62,2740.93,Returning,0.25,Bank Transfer,Online,West-Charlie
1056,2023-02-28,Eve,North,6629.16,37,Electronics,1555.41,1609.94,Returning,0.16,Credit Card,Online,North-Eve
1038,2023-06-18,Eve,West,2792.27,24,Clothing,1543.91,1862.88,New,0.09,Bank Transfer,Online,West-Eve
1058,2023-12-29,David,North,2714.21,34,Electronics,3160.61,3273.2200000000003,Returning,0.08,Credit Card,Retail,North-David
1045,2023-12-11,Alice,West,6400.11,22,Clothing,241.85,613.09,Returning,0.06,Cash,Online,West-Alice
1045,2023-06-19,David,North,2768.17,36,Electronics,3835.64,4076.77,Returning,0.1,Credit Card,Retail,North-David
1061,2023-12-22,Alice,North,1990.17,45,Clothing,1364.51,1844.8,Returning,0.18,Cash,Online,North-Alice
1047,2023-07-10,David,North,6976.95,36,Food,4043.53,4384.85,New,0.14,Cash,Online,North-David
1021,2023-06-04,Eve,North,2265.28,22,Electronics,1296.44,1751.24,New,0.22,Cash,Online,North-Eve
1075,2023-05-13,Bob,East,6653.49,36,Clothing,4337.61,4386.82,Returning,0.23,Credit Card,Online,East-Bob
1036,2023-08-23,David,East,8167.9,25,Food,2520.97,2707.11,New,0.25,Cash,Retail,East-David
1099,2023-02-14,David,South,7802.45,32,Clothing,1517.86,1948.46,New,0.02,Credit Card,Online,South-David
1019,2023-11-10,Bob,East,7632.43,33,Furniture,1362.31,1486.29,Returning,0.18,Credit Card,Retail,East-Bob
1020,2023-09-06,Bob,East,1958.45,45,Clothing,2188.45,2255.05,New,0.11,Bank Transfer,Retail,East-Bob
1057,2023-01-31,Charlie,North,975.01,36,Food,4995.3,5165.09,Returning,0.24,Cash,Online,North-Charlie
1049,2023-12-29,Charlie,South,4380.23,38,Food,2945.92,3381.2200000000003,Returning,0.23,Cash,Retail,South-Charlie
1015,2023-02-08,Charlie,East,2669.81,23,Electronics,2644.77,2684.83,New,0.24,Cash,Online,East-Charlie
1031,2023-03-23,Eve,East,433.4,32,Clothing,3351.33,3711.47,New,0.16,Cash,Retail,East-Eve
1001,2023-12-22,David,West,8803.94,45,Clothing,1372.36,1687.83,New,0.02,Credit Card,Online,West-David
1087,2023-01-12,Charlie,North,6701.79,21,Food,3724.38,3988.7,New,0.03,Bank Transfer,Retail,North-Charlie
1057,2023-10-22,Eve,South,3297.97,40,Clothing,3233.37,3723.21,New,0.22,Bank Transfer,Retail,South-Eve
1012,2023-01-13,Alice,East,8892.37,39,Furniture,3126.52,3465.79,New,0.08,Cash,Online,East-Alice
1074,2023-02-15,Alice,South,3320.38,31,Furniture,1138.32,1266.25,Returning,0.14,Cash,Retail,South-Alice
1028,2023-08-11,Charlie,West,5809.35,45,Clothing,4848.98,4985.75,Returning,0.2,Bank Transfer,Online,West-Charlie
1008,2023-12-20,Charlie,West,765.83,23,Clothing,2296.93,2319.62,Returning,0.23,Bank Transfer,Retail,West-Charlie
1090,2023-12-31,Eve,West,3333.73,46,Clothing,4665.12,4675.9,New,0.19,Cash,Retail,West-Eve
1008,2023-06-12,Alice,East,7507.02,32,Food,4298.12,4446.9,New,0.1,Bank Transfer,Online,East-Alice
1060,2023-03-15,David,South,8594.43,44,Clothing,2211.95,2512.84,Returning,0.04,Cash,Online,South-David
1028,2023-08-12,Charlie,South,2490.82,41,Clothing,3956.03,4163.68,New,0.12,Bank Transfer,Retail,South-Charlie
1092,2023-11-15,David,East,499.47,47,Electronics,3034.32,3375.79,New,0.28,Credit Card,Online,East-David
1041,2023-03-01,Charlie,East,4170.8,44,Electronics,3288.39,3391.46,New,0.05,Credit Card,Retail,East-Charlie
1100,2023-12-01,Alice,East,1387.8,34,Furniture,4991.09,5402.28,Returning,0.0,Cash,Retail,East-Alice
1027,2023-02-06,Eve,West,3668.23,45,Food,1153.9,1485.34,New,0.25,Credit Card,Retail,West-Eve
1063,2023-10-05,Alice,South,7859.01,27,Food,2069.08,2246.24,New,0.06,Bank Transfer,Retail,South-Alice
1017,2023-07-15,David,North,5705.19,23,Electronics,1771.52,2147.8,New,0.07,Bank Transfer,Online,North-David
1073,2023-12-18,Eve,West,3196.5,40,Food,157.15,436.53,New,0.04,Cash,Retail,West-Eve
1077,2023-08-07,Charlie,East,242.38,43,Food,4402.66,4724.7,New,0.1,Bank Transfer,Retail,East-Charlie
1092,2023-07-11,Eve,East,7667.1,33,Electronics,2595.42,3083.06,New,0.08,Credit Card,Online,East-Eve
1029,2023-01-17,Charlie,North,6275.06,31,Electronics,2719.0,3133.55,Returning,0.17,Bank Transfer,Retail,North-Charlie
1013,2023-01-12,Alice,West,7646.8,35,Electronics,1312.71,1352.11,Returning,0.22,Bank Transfer,Retail,West-Alice
1035,2023-01-22,Alice,North,8387.48,28,Furniture,3771.38,4234.92,New,0.28,Credit Card,Retail,North-Alice
1082,2023-07-29,Eve,East,5677.61,46,Food,1102.69,1437.12,New,0.11,Credit Card,Online,East-Eve
1069,2023-11-02,Charlie,North,6283.68,23,Furniture,530.24,987.41,Returning,0.23,Credit Card,Online,North-Charlie
1047,2023-09-27,Eve,North,8657.89,32,Electronics,367.98,806.1400000000001,Returning,0.22,Credit Card,Retail,North-Eve
1025,2023-07-11,Charlie,West,5910.67,40,Electronics,2983.85,3239.74,New,0.27,Credit Card,Online,West-Charlie
1056,2023-07-23,Bob,West,7591.63,35,Furniture,2344.93,2707.25,New,0.12,Credit Card,Retail,West-Bob
1033,2023-08-15,Eve,East,3953.38,29,Clothing,1412.09,1596.65,Returning,0.07,Cash,Online,East-Eve
1018,2023-01-29,David,West,6008.83,25,Food,4660.82,5011.429999999999,New,0.07,Bank Transfer,Online,West-David
1096,2023-02-02,Alice,East,9289.0,31,Electronics,1724.24,2036.2,New,0.17,Cash,Online,East-Alice
1049,2023-05-14,Eve,South,9298.48,22,Electronics,4573.69,4820.299999999999,New,0.04,Cash,Online,South-Eve
1085,2023-02-27,Eve,West,5324.01,45,Furniture,3325.96,3781.4,Returning,0.27,Credit Card,Online,West-Eve
1063,2023-08-14,Bob,North,9956.75,27,Clothing,3760.25,4147.11,New,0.22,Cash,Online,North-Bob
1089,2023-10-12,David,South,9813.07,25,Furniture,3512.69,3964.63,Returning,0.03,Credit Card,Retail,South-David
1049,2023-09-28,Alice,West,5972.27,44,Furniture,3351.33,3465.35,Returning,0.12,Bank Transfer,Online,West-Alice
1077,2023-10-12,David,South,628.15,23,Electronics,557.52,822.39,Returning,0.29,Credit Card,Online,South-David
1033,2023-06-06,Alice,East,4602.17,32,Food,108.99,351.6,Returning,0.27,Credit Card,Retail,East-Alice
1099,2023-10-15,David,East,6807.56,39,Electronics,3592.89,4004.0,New,0.13,Cash,Online,East-David
1001,2023-05-10,David,East,3793.91,47,Food,4865.33,5316.13,New,0.06,Bank Transfer,Online,East-David
1021,2023-06-24,Alice,West,9422.75,24,Electronics,4916.17,5309.32,Returning,0.19,Credit Card,Online,West-Alice
1006,2023-01-22,Alice,South,5053.56,29,Electronics,4353.29,4405.8,New,0.04,Bank Transfer,Online,South-Alice
1092,2023-01-27,David,West,6939.75,26,Furniture,3697.29,4003.96,New,0.24,Cash,Online,West-David
1069,2023-12-03,David,North,6521.53,35,Electronics,2885.16,3224.84,New,0.14,Cash,Online,North-David
1005,2023-04-02,David,South,1646.45,46,Furniture,4691.42,5026.1900000000005,Returning,0.22,Bank Transfer,Retail,South-David
1023,2023-12-23,Bob,East,1875.62,47,Electronics,3374.72,3483.15,Returning,0.18,Cash,Online,East-Bob
1074,2023-09-14,David,South,8389.93,29,Furniture,173.67,565.62,Returning,0.3,Cash,Online,South-David
1078,2023-06-12,Charlie,South,6136.0,29,Electronics,3177.81,3222.65,Returning,0.08,Credit Card,Retail,South-Charlie
1073,2023-11-16,David,South,7026.43,48,Clothing,2658.9,2838.27,New,0.25,Credit Card,Online,South-David
1001,2023-10-08,Bob,West,8397.73,33,Furniture,2933.54,3307.75,Returning,0.01,Bank Transfer,Retail,West-Bob
1045,2023-01-12,Charlie,South,9613.11,35,Furniture,3777.94,4188.66,New,0.17,Bank Transfer,Online,South-Charlie
1004,2023-09-28,Eve,South,4936.11,27,Clothing,4354.6,4820.200000000001,New,0.14,Credit Card,Retail,South-Eve
1062,2023-07-27,David,South,4078.68,44,Electronics,987.74,1462.19,New,0.24,Bank Transfer,Online,South-David
1034,2023-03-01,Charlie,West,2842.42,45,Food,2013.12,2321.87,New,0.18,Bank Transfer,Retail,West-Charlie
1072,2023-11-05,David,West,5969.12,39,Clothing,591.98,934.04,New,0.26,Bank Transfer,Retail,West-David
1034,2023-01-27,Bob,East,414.26,38,Food,2729.75,3081.5,New,0.01,Bank Transfer,Online,East-Bob
1054,2023-06-23,David,West,4291.02,27,Electronics,1456.09,1510.4299999999998,Returning,0.17,Cash,Retail,West-David
1003,2023-02-19,Alice,East,937.2,45,Electronics,4974.14,5227.93,New,0.21,Bank Transfer,Online,East-Alice
1050,2023-07-18,Eve,South,6107.78,43,Furniture,4834.47,4973.38,Returning,0.03,Bank Transfer,Online,South-Eve
1054,2023-01-24,Bob,East,6624.55,22,Electronics,4200.08,4647.28,Returning,0.11,Cash,Online,East-Bob
1005,2023-11-12,Eve,East,2191.2,28,Clothing,3592.32,3813.48,New,0.07,Credit Card,Retail,East-Eve
1094,2023-02-15,Charlie,South,8643.67,47,Food,3450.36,3557.38,New,0.2,Credit Card,Online,South-Charlie
1094,2023-01-15,Bob,North,8872.33,45,Furniture,4470.91,4695.54,Returning,0.06,Cash,Retail,North-Bob
1057,2023-06-02,Eve,East,2046.87,22,Food,3462.61,3672.89,Returning,0.27,Credit Card,Online,East-Eve
1017,2023-08-10,Alice,North,7400.52,43,Furniture,1454.8,1674.97,New,0.03,Credit Card,Online,North-Alice
1085,2023-12-06,Eve,North,397.26,42,Electronics,3117.75,3159.88,New,0.04,Cash,Retail,North-Eve
1014,2023-08-16,David,South,8983.92,26,Furniture,433.19,800.6,Returning,0.2,Cash,Online,South-David
1066,2023-01-09,Alice,North,6264.04,48,Clothing,2588.54,2872.8,New,0.17,Cash,Online,North-Alice
1075,2023-06-15,Eve,North,9736.49,26,Furniture,1749.34,1935.25,New,0.14,Credit Card,Online,North-Eve
1051,2023-11-15,Alice,North,4703.59,23,Electronics,1676.42,2082.52,New,0.15,Bank Transfer,Retail,North-Alice
1038,2023-08-02,Alice,East,8489.14,43,Furniture,3031.17,3231.32,Returning,0.22,Cash,Retail,East-Alice
1098,2023-12-10,Eve,East,3419.26,28,Electronics,3895.62,4055.44,New,0.03,Bank Transfer,Retail,East-Eve
1082,2023-07-28,Alice,East,8540.22,48,Food,3380.52,3778.94,Returning,0.3,Bank Transfer,Online,East-Alice
1030,2023-03-13,Alice,North,9385.86,39,Food,2511.28,2658.0600000000004,New,0.19,Credit Card,Retail,North-Alice
1051,2023-11-16,Bob,West,803.25,31,Furniture,144.88,175.29,New,0.07,Bank Transfer,Online,West-Bob
1052,2023-04-05,Charlie,South,4744.16,26,Clothing,4771.99,5079.65,New,0.29,Credit Card,Online,South-Charlie
1038,2023-06-15,Alice,West,2758.77,42,Food,1089.09,1355.44,New,0.06,Cash,Retail,West-Alice
1097,2023-02-01,Alice,West,1099.68,27,Electronics,3955.19,4393.68,Returning,0.04,Credit Card,Online,West-Alice
1079,2023-10-28,Bob,West,1558.03,38,Furniture,1127.76,1265.66,Returning,0.26,Bank Transfer,Retail,West-Bob
1030,2023-08-05,Bob,West,9733.46,34,Electronics,3125.07,3564.19,Returning,0.09,Cash,Online,West-Bob
1051,2023-10-16,Alice,West,7617.0,43,Clothing,287.99,666.64,Returning,0.0,Bank Transfer,Online,West-Alice
1029,2023-08-02,Eve,South,2855.85,46,Furniture,4609.66,4879.15,Returning,0.3,Cash,Retail,South-Eve
1004,2023-06-28,Bob,West,8003.1,38,Furniture,4881.63,5088.06,Returning,0.16,Credit Card,Retail,West-Bob
1010,2023-03-29,Alice,South,3329.91,49,Food,1150.3,1306.02,New,0.06,Credit Card,Retail,South-Alice
1056,2023-02-10,Bob,West,3063.9,42,Furniture,1080.12,1424.1699999999998,New,0.1,Cash,Online,West-Bob
1017,2023-03-17,Bob,North,2401.81,28,Clothing,3780.91,3892.73,Returning,0.1,Cash,Retail,North-Bob
1017,2023-06-09,Charlie,East,2638.98,35,Furniture,4480.63,4884.12,New,0.04,Cash,Online,East-Charlie
1084,2023-03-21,Eve,South,3617.67,40,Food,2890.95,3104.43,New,0.21,Bank Transfer,Online,South-Eve
1069,2023-03-27,David,East,719.39,47,Electronics,4171.83,4320.93,New,0.07,Cash,Online,East-David
1053,2023-06-10,Charlie,East,1554.53,39,Furniture,4643.67,4829.52,Returning,0.17,Bank Transfer,Online,East-Charlie
1077,2023-08-30,Alice,West,8660.12,25,Electronics,61.5,258.92,New,0.17,Credit Card,Online,West-Alice
1075,2023-01-02,David,West,919.09,26,Electronics,4535.38,4557.56,New,0.0,Credit Card,Online,West-David
1023,2023-08-13,Bob,East,4896.93,38,Clothing,324.45,336.37,New,0.28,Credit Card,Retail,East-Bob
1055,2023-10-16,David,East,3093.95,46,Clothing,4173.52,4294.85,Returning,0.03,Bank Transfer,Retail,East-David
1095,2023-03-18,Eve,South,8057.67,43,Furniture,1331.86,1758.98,Returning,0.23,Bank Transfer,Retail,South-Eve
1075,2023-04-26,David,South,1457.77,37,Electronics,4399.8,4801.06,New,0.13,Bank Transfer,Retail,South-David
1016,2023-06-03,David,West,5848.92,46,Clothing,1023.5,1164.41,Returning,0.28,Credit Card,Retail,West-David
1008,2023-04-13,Charlie,South,5104.54,24,Furniture,4739.13,4868.95,New,0.14,Credit Card,Retail,South-Charlie
1056,2023-12-25,Bob,North,2809.04,25,Clothing,1154.28,1408.4,Returning,0.29,Bank Transfer,Retail,North-Bob
1096,2023-05-02,Alice,East,4649.88,32,Furniture,991.63,1065.55,Returning,0.22,Bank Transfer,Retail,East-Alice
1067,2023-05-23,Bob,North,3133.99,49,Furniture,2628.38,2644.54,Returning,0.11,Cash,Online,North-Bob
1093,2023-11-01,Charlie,North,664.09,46,Clothing,401.64,757.26,New,0.21,Credit Card,Retail,North-Charlie
1050,2023-11-13,Alice,North,4638.47,28,Food,1711.63,1951.24,New,0.22,Cash,Online,North-Alice
1061,2023-05-03,Bob,South,7277.56,41,Furniture,2894.18,3193.92,New,0.28,Bank Transfer,Retail,South-Bob
1051,2023-01-09,David,South,5785.45,23,Furniture,2598.18,3042.73,Returning,0.24,Credit Card,Online,South-David
1019,2023-09-19,Charlie,West,6705.4,45,Clothing,2590.64,3036.18,New,0.05,Bank Transfer,Retail,West-Charlie
1021,2023-03-14,David,South,7792.79,23,Food,580.75,956.16,Returning,0.07,Cash,Retail,South-David
1005,2023-12-25,Alice,South,8635.81,28,Furniture,2146.24,2173.47,Returning,0.1,Cash,Retail,South-Alice
1082,2023-08-11,Charlie,North,3207.37,43,Furniture,2289.22,2581.0,New,0.05,Bank Transfer,Online,North-Charlie
1092,2023-02-10,Bob,East,5426.42,47,Furniture,3681.53,4076.96,Returning,0.17,Cash,Retail,East-Bob
1042,2023-07-23,Charlie,West,8417.07,26,Electronics,4208.09,4226.56,Returning,0.29,Cash,Retail,West-Charlie
1061,2023-09-21,Charlie,South,9895.57,25,Food,2747.66,3027.01,New,0.23,Cash,Online,South-Charlie
1022,2023-11-24,Eve,West,8906.24,29,Furniture,479.58,909.88,Returning,0.13,Credit Card,Retail,West-Eve
1070,2023-12-14,Charlie,South,2032.15,33,Food,866.42,878.43,New,0.09,Cash,Retail,South-Charlie
1001,2023-11-14,David,North,4944.99,36,Furniture,666.84,682.24,New,0.16,Bank Transfer,Retail,North-David
1090,2023-04-21,David,West,4883.49,35,Electronics,1130.6,1466.1799999999998,Returning,0.13,Cash,Online,West-David
1046,2023-09-08,Alice,North,8398.48,30,Furniture,320.73,678.04,Returning,0.08,Cash,Retail,North-Alice
1034,2023-01-07,David,West,3677.9,28,Furniture,137.47,234.63,New,0.27,Bank Transfer,Retail,West-David
1045,2023-01-22,Bob,East,4594.5,46,Food,2577.08,2961.56,Returning,0.1,Cash,Online,East-Bob
1027,2023-01-03,Bob,East,7648.22,30,Furniture,745.93,1143.02,Returning,0.2,Credit Card,Online,East-Bob
1073,2023-05-07,David,North,1347.42,29,Clothing,2152.68,2475.93,Returning,0.22,Bank Transfer,Online,North-David
1026,2023-10-24,David,East,2044.55,45,Food,1741.66,2169.86,Returning,0.14,Credit Card,Online,East-David
1086,2023-12-28,Bob,West,1837.37,46,Furniture,83.86,526.14,Returning,0.11,Credit Card,Online,West-Bob
1056,2023-01-14,Charlie,West,5720.5,25,Food,2361.74,2584.35,Returning,0.2,Cash,Online,West-Charlie
1094,2023-01-12,Eve,West,5835.21,38,Food,3443.98,3820.3,Returning,0.01,Credit Card,Retail,West-Eve
1063,2023-03-28,Charlie,South,4947.28,42,Food,1170.07,1669.9499999999998,Returning,0.12,Bank Transfer,Retail,South-Charlie
1048,2023-01-12,Charlie,East,6482.98,47,Clothing,702.44,1067.66,New,0.24,Cash,Retail,East-Charlie
1061,2023-01-25,Bob,East,2375.28,38,Furniture,4440.86,4506.81,Returning,0.24,Bank Transfer,Online,East-Bob
1081,2023-10-28,Charlie,North,5571.36,23,Food,1411.37,1675.35,New,0.21,Cash,Retail,North-Charlie
1026,2023-08-31,Alice,East,3784.52,25,Electronics,1156.88,1454.68,Returning,0.06,Credit Card,Online,East-Alice
1036,2023-05-02,David,North,6650.51,42,Furniture,4292.63,4387.99,New,0.07,Credit Card,Retail,North-David
1008,2023-02-24,Eve,West,5751.69,22,Electronics,2269.32,2365.3500000000004,New,0.03,Cash,Retail,West-Eve
1079,2023-06-22,Eve,East,2265.23,49,Clothing,437.59,675.54,Returning,0.1,Cash,Online,East-Eve
1047,2023-08-09,David,North,1910.09,41,Clothing,2888.49,2929.45,New,0.06,Cash,Retail,North-David
1090,2023-10-15,Charlie,South,9702.27,48,Electronics,4766.53,5253.07,Returning,0.01,Bank Transfer,Online,South-Charlie
1028,2023-11-03,Alice,North,5755.48,38,Clothing,1234.69,1511.26,New,0.1,Bank Transfer,Online,North-Alice
1087,2023-10-27,Eve,North,1515.71,27,Food,3139.36,3423.6600000000003,New,0.18,Credit Card,Online,North-Eve
1078,2023-03-23,Eve,West,3808.03,33,Clothing,2396.68,2661.54,New,0.18,Bank Transfer,Online,West-Eve
1002,2023-05-30,Eve,North,3737.17,44,Furniture,1393.58,1533.09,Returning,0.24,Credit Card,Retail,North-Eve
1026,2023-02-06,Bob,West,961.47,34,Electronics,68.33,219.08,New,0.02,Credit Card,Online,West-Bob
1007,2023-02-28,Charlie,East,1833.72,43,Furniture,3967.25,4272.92,New,0.27,Credit Card,Online,East-Charlie
1003,2023-05-11,Charlie,North,6760.37,26,Electronics,3418.78,3824.1,New,0.19,Credit Card,Online,North-Charlie
1099,2023-04-03,Alice,North,2571.72,30,Furniture,4495.82,4794.009999999999,New,0.18,Bank Transfer,Retail,North-Alice
1064,2023-12-19,Alice,West,106.47,35,Clothing,4900.03,5118.83,Returning,0.07,Credit Card,Retail,West-Alice
1028,2023-11-01,Bob,East,7946.69,24,Food,911.11,1214.56,New,0.22,Bank Transfer,Online,East-Bob
1039,2023-08-01,Eve,West,7527.63,36,Clothing,2919.0,3125.01,New,0.24,Cash,Online,West-Eve
1057,2023-06-08,Charlie,East,1605.28,43,Furniture,4567.39,4958.780000000001,New,0.04,Cash,Retail,East-Charlie
1017,2023-01-24,Eve,North,4637.4,27,Electronics,927.89,1399.09,Returning,0.27,Credit Card,Online,North-Eve
1086,2023-10-20,David,South,3577.07,32,Furniture,84.86,517.18,Returning,0.2,Credit Card,Retail,South-David
1025,2023-12-30,David,West,9215.32,28,Electronics,2097.84,2270.99,New,0.13,Credit Card,Retail,West-David
1017,2023-01-20,Bob,East,496.59,29,Clothing,3410.49,3481.72,New,0.24,Bank Transfer,Retail,East-Bob
1084,2023-02-19,David,West,2154.66,35,Food,465.61,812.9100000000001,New,0.16,Bank Transfer,Online,West-David
1025,2023-06-26,David,North,2457.65,47,Furniture,3861.61,3998.91,New,0.25,Credit Card,Online,North-David
1068,2023-04-06,Alice,South,9093.5,31,Clothing,3169.37,3304.15,Returning,0.25,Credit Card,Retail,South-Alice
1067,2023-09-07,Bob,North,4716.36,37,Clothing,1754.32,1856.4,New,0.21,Bank Transfer,Retail,North-Bob
1100,2023-12-20,David,West,1629.47,39,Electronics,3685.03,3743.39,New,0.01,Bank Transfer,Online,West-David
1086,2023-08-16,Alice,East,4923.93,48,Food,2632.58,2926.68,Returning,0.14,Cash,Online,East-Alice
